data_as_of,year,month,st_abbrev,state_name,countyname,fips,statefips,countyfips,code2013,provisional_drug_overdose,footnote,percentage_of_records_pending,historicaldatacompletenessnote,monthendingdate,start_date,end_date
2024-01-06T23:00:00Z,2021,12,CA,California,Alameda,6001,6,1,1,332,,0.505229569225315,,2021-12-30T23:00:00Z,2020-01-30T23:00:00Z,2023-06-29T22:00:00Z
2024-01-06T23:00:00Z,2021,12,CA,California,Alpine,6003,6,3,6,NA,One or more data cells have counts between 1-9 and have been suppressed in accordance with NCHS confidentiality standards.,3.33333333333333,,2021-12-30T23:00:00Z,2020-01-30T23:00:00Z,2023-06-29T22:00:00Z
2024-01-06T23:00:00Z,2021,12,CA,California,Amador,6005,6,5,6,11,,0,,2021-12-30T23:00:00Z,2020-01-30T23:00:00Z,2023-06-29T22:00:00Z
2024-01-06T23:00:00Z,2021,12,CA,California,Butte,6007,6,7,4,120,,0.116776956014013,,2021-12-30T23:00:00Z,2020-01-30T23:00:00Z,2023-06-29T22:00:00Z
2024-01-06T23:00:00Z,2021,12,CA,California,Calaveras,6009,6,9,6,12,,0.323101777059774,,2021-12-30T23:00:00Z,2020-01-30T23:00:00Z,2023-06-29T22:00:00Z
2024-01-06T23:00:00Z,2021,12,CA,California,Colusa,6011,6,11,6,NA,One or more data cells have counts between 1-9 and have been suppressed in accordance with NCHS confidentiality standards.,1.0989010989011,Completeness of provisional 2019 data under 90% after 6 months.,2021-12-30T23:00:00Z,2020-01-30T23:00:00Z,2023-06-29T22:00:00Z
2024-01-06T23:00:00Z,2021,12,CA,California,Contra Costa,6013,6,13,2,265,,0.252414398595259,Completeness of provisional 2019 data under 90% after 6 months.,2021-12-30T23:00:00Z,2020-01-30T23:00:00Z,2023-06-29T22:00:00Z
2024-01-06T23:00:00Z,2021,12,CA,California,Del Norte,6015,6,15,5,10,,0.526315789473684,,2021-12-30T23:00:00Z,2020-01-30T23:00:00Z,2023-06-29T22:00:00Z
2024-01-06T23:00:00Z,2021,12,CA,California,El Dorado,6017,6,17,2,49,,0.262743037309511,Completeness of provisional 2019 data under 90% after 6 months.,2021-12-30T23:00:00Z,2020-01-30T23:00:00Z,2023-06-29T22:00:00Z
2024-01-06T23:00:00Z,2021,12,CA,California,Fresno,6019,6,19,3,200,,1.55833066495891,Completeness of provisional 2019 data under 90% after 6 months.,2021-12-30T23:00:00Z,2020-01-30T23:00:00Z,2023-06-29T22:00:00Z
2024-01-06T23:00:00Z,2021,12,CA,California,Glenn,6021,6,21,6,12,,0.303030303030303,,2021-12-30T23:00:00Z,2020-01-30T23:00:00Z,2023-06-29T22:00:00Z
2024-01-06T23:00:00Z,2021,12,CA,California,Humboldt,6023,6,23,5,59,,0.0624219725343321,,2021-12-30T23:00:00Z,2020-01-30T23:00:00Z,2023-06-29T22:00:00Z
2024-01-06T23:00:00Z,2021,12,CA,California,Imperial,6025,6,25,4,19,,3.76175548589342,Completeness of provisional 2019 data under 90% after 6 months.,2021-12-30T23:00:00Z,2020-01-30T23:00:00Z,2023-06-29T22:00:00Z
2024-01-06T23:00:00Z,2021,12,CA,California,Inyo,6027,6,27,6,12,,0,Completeness of provisional 2019 data under 90% after 6 months.,2021-12-30T23:00:00Z,2020-01-30T23:00:00Z,2023-06-29T22:00:00Z
2024-01-06T23:00:00Z,2021,12,CA,California,Kern,6029,6,29,3,492,,0.104058272632674,Completeness of provisional 2019 data under 90% after 6 months.,2021-12-30T23:00:00Z,2020-01-30T23:00:00Z,2023-06-29T22:00:00Z
2024-01-06T23:00:00Z,2021,12,CA,California,Kings,6031,6,31,4,29,,0.920951650038373,,2021-12-30T23:00:00Z,2020-01-30T23:00:00Z,2023-06-29T22:00:00Z
2024-01-06T23:00:00Z,2021,12,CA,California,Lake,6033,6,33,5,67,,0.104493207941484,,2021-12-30T23:00:00Z,2020-01-30T23:00:00Z,2023-06-29T22:00:00Z
2024-01-06T23:00:00Z,2021,12,CA,California,Lassen,6035,6,35,5,NA,One or more data cells have counts between 1-9 and have been suppressed in accordance with NCHS confidentiality standards.,0,,2021-12-30T23:00:00Z,2020-01-30T23:00:00Z,2023-06-29T22:00:00Z
2024-01-06T23:00:00Z,2021,12,CA,California,Los Angeles,6037,6,37,1,2322,,0.171093664680686,,2021-12-30T23:00:00Z,2020-01-30T23:00:00Z,2023-06-29T22:00:00Z
2024-01-06T23:00:00Z,2021,12,CA,California,Madera,6039,6,39,4,35,,0.668449197860963,Completeness of provisional 2019 data under 90% after 6 months.,2021-12-30T23:00:00Z,2020-01-30T23:00:00Z,2023-06-29T22:00:00Z
2024-01-06T23:00:00Z,2021,12,CA,California,Marin,6041,6,41,2,65,,0,Completeness of provisional 2019 data under 90% after 6 months.,2021-12-30T23:00:00Z,2020-01-30T23:00:00Z,2023-06-29T22:00:00Z
2024-01-06T23:00:00Z,2021,12,CA,California,Mariposa,6043,6,43,6,NA,One or more data cells have counts between 1-9 and have been suppressed in accordance with NCHS confidentiality standards.,0.411522633744856,,2021-12-30T23:00:00Z,2020-01-30T23:00:00Z,2023-06-29T22:00:00Z
2024-01-06T23:00:00Z,2021,12,CA,California,Mendocino,6045,6,45,5,73,,0.189035916824197,,2021-12-30T23:00:00Z,2020-01-30T23:00:00Z,2023-06-29T22:00:00Z
2024-01-06T23:00:00Z,2021,12,CA,California,Merced,6047,6,47,3,55,,0.341442594963722,Completeness of provisional 2019 data under 90% after 6 months.,2021-12-30T23:00:00Z,2020-01-30T23:00:00Z,2023-06-29T22:00:00Z
2024-01-06T23:00:00Z,2021,12,CA,California,Modoc,6049,6,49,6,NA,One or more data cells have counts between 1-9 and have been suppressed in accordance with NCHS confidentiality standards.,0,,2021-12-30T23:00:00Z,2020-01-30T23:00:00Z,2023-06-29T22:00:00Z
2024-01-06T23:00:00Z,2021,12,CA,California,Mono,6051,6,51,6,NA,One or more data cells have counts between 1-9 and have been suppressed in accordance with NCHS confidentiality standards.,0,,2021-12-30T23:00:00Z,2020-01-30T23:00:00Z,2023-06-29T22:00:00Z
2024-01-06T23:00:00Z,2021,12,CA,California,Monterey,6053,6,53,3,98,,0.031675641431739,Completeness of provisional 2019 data under 90% after 6 months.,2021-12-30T23:00:00Z,2020-01-30T23:00:00Z,2023-06-29T22:00:00Z
2024-01-06T23:00:00Z,2021,12,CA,California,Napa,6055,6,55,4,21,,0.594353640416048,Completeness of provisional 2019 data under 90% after 6 months.,2021-12-30T23:00:00Z,2020-01-30T23:00:00Z,2023-06-29T22:00:00Z
2024-01-06T23:00:00Z,2021,12,CA,California,Nevada,6057,6,57,5,43,,0.165562913907285,,2021-12-30T23:00:00Z,2020-01-30T23:00:00Z,2023-06-29T22:00:00Z
2024-01-06T23:00:00Z,2021,12,CA,California,Orange,6059,6,59,1,932,,0.0317863954227591,Completeness of provisional 2019 data under 90% after 6 months.,2021-12-30T23:00:00Z,2020-01-30T23:00:00Z,2023-06-29T22:00:00Z
2024-01-06T23:00:00Z,2021,12,CA,California,Placer,6061,6,61,2,78,,0.0513347022587269,Completeness of provisional 2019 data under 90% after 6 months.,2021-12-30T23:00:00Z,2020-01-30T23:00:00Z,2023-06-29T22:00:00Z
2024-01-06T23:00:00Z,2021,12,CA,California,Plumas,6063,6,63,6,NA,One or more data cells have counts between 1-9 and have been suppressed in accordance with NCHS confidentiality standards.,0,,2021-12-30T23:00:00Z,2020-01-30T23:00:00Z,2023-06-29T22:00:00Z
2024-01-06T23:00:00Z,2021,12,CA,California,Riverside,6065,6,65,1,830,,0.17307026652821,,2021-12-30T23:00:00Z,2020-01-30T23:00:00Z,2023-06-29T22:00:00Z
2024-01-06T23:00:00Z,2021,12,CA,California,Sacramento,6067,6,67,1,497,,1.30512728576551,Completeness of provisional 2019 data under 90% after 6 months.,2021-12-30T23:00:00Z,2020-01-30T23:00:00Z,2023-06-29T22:00:00Z
2024-01-06T23:00:00Z,2021,12,CA,California,San Benito,6069,6,69,2,15,,0,Completeness of provisional 2019 data under 90% after 6 months.,2021-12-30T23:00:00Z,2020-01-30T23:00:00Z,2023-06-29T22:00:00Z
2024-01-06T23:00:00Z,2021,12,CA,California,San Bernardino,6071,6,71,2,559,,1.16727618856771,Completeness of provisional 2019 data under 90% after 6 months.,2021-12-30T23:00:00Z,2020-01-30T23:00:00Z,2023-06-29T22:00:00Z
2024-01-06T23:00:00Z,2021,12,CA,California,San Diego,6073,6,73,1,980,,0.547852042165716,,2021-12-30T23:00:00Z,2020-01-30T23:00:00Z,2023-06-29T22:00:00Z
2024-01-06T23:00:00Z,2021,12,CA,California,San Francisco,6075,6,75,1,554,,0.0304506699147381,Completeness of provisional 2019 data under 90% after 6 months.,2021-12-30T23:00:00Z,2020-01-30T23:00:00Z,2023-06-29T22:00:00Z
2024-01-06T23:00:00Z,2021,12,CA,California,San Joaquin,6077,6,77,3,210,,0.151975683890578,Completeness of provisional 2019 data under 90% after 6 months.,2021-12-30T23:00:00Z,2020-01-30T23:00:00Z,2023-06-29T22:00:00Z
2024-01-06T23:00:00Z,2021,12,CA,California,San Luis Obispo,6079,6,79,3,116,,0.224466891133558,,2021-12-30T23:00:00Z,2020-01-30T23:00:00Z,2023-06-29T22:00:00Z
2024-01-06T23:00:00Z,2021,12,CA,California,San Mateo,6081,6,81,2,137,,0.117233294255569,Completeness of provisional 2019 data under 90% after 6 months.,2021-12-30T23:00:00Z,2020-01-30T23:00:00Z,2023-06-29T22:00:00Z
2024-01-06T23:00:00Z,2021,12,CA,California,Santa Barbara,6083,6,83,3,125,,0.0544662309368192,,2021-12-30T23:00:00Z,2020-01-30T23:00:00Z,2023-06-29T22:00:00Z
2024-01-06T23:00:00Z,2021,12,CA,California,Santa Clara,6085,6,85,1,321,,0.0878889084197574,Completeness of provisional 2019 data under 90% after 6 months.,2021-12-30T23:00:00Z,2020-01-30T23:00:00Z,2023-06-29T22:00:00Z
2024-01-06T23:00:00Z,2021,12,CA,California,Santa Cruz,6087,6,87,3,83,,0.0998003992015968,Completeness of provisional 2019 data under 90% after 6 months.,2021-12-30T23:00:00Z,2020-01-30T23:00:00Z,2023-06-29T22:00:00Z
2024-01-06T23:00:00Z,2021,12,CA,California,Shasta,6089,6,89,4,75,,0.0358294518093873,Completeness of provisional 2019 data under 90% after 6 months.,2021-12-30T23:00:00Z,2020-01-30T23:00:00Z,2023-06-29T22:00:00Z
2024-01-06T23:00:00Z,2021,12,CA,California,Sierra,6091,6,91,6,0,,0,,2021-12-30T23:00:00Z,2020-01-30T23:00:00Z,2023-06-29T22:00:00Z
2024-01-06T23:00:00Z,2021,12,CA,California,Siskiyou,6093,6,93,6,18,,0.806451612903226,,2021-12-30T23:00:00Z,2020-01-30T23:00:00Z,2023-06-29T22:00:00Z
2024-01-06T23:00:00Z,2021,12,CA,California,Solano,6095,6,95,3,120,,0.220210423293369,Completeness of provisional 2019 data under 90% after 6 months.,2021-12-30T23:00:00Z,2020-01-30T23:00:00Z,2023-06-29T22:00:00Z
2024-01-06T23:00:00Z,2021,12,CA,California,Sonoma,6097,6,97,3,159,,0.0877577885037297,Completeness of provisional 2019 data under 90% after 6 months.,2021-12-30T23:00:00Z,2020-01-30T23:00:00Z,2023-06-29T22:00:00Z
2024-01-06T23:00:00Z,2021,12,CA,California,Stanislaus,6099,6,99,3,164,,0.787965616045845,,2021-12-30T23:00:00Z,2020-01-30T23:00:00Z,2023-06-29T22:00:00Z
2024-01-06T23:00:00Z,2021,12,CA,California,Sutter,6101,6,101,4,35,,0.592300098716683,,2021-12-30T23:00:00Z,2020-01-30T23:00:00Z,2023-06-29T22:00:00Z
2024-01-06T23:00:00Z,2021,12,CA,California,Tehama,6103,6,103,5,22,,0.106157112526539,,2021-12-30T23:00:00Z,2020-01-30T23:00:00Z,2023-06-29T22:00:00Z
2024-01-06T23:00:00Z,2021,12,CA,California,Trinity,6105,6,105,6,NA,One or more data cells have counts between 1-9 and have been suppressed in accordance with NCHS confidentiality standards.,0,,2021-12-30T23:00:00Z,2020-01-30T23:00:00Z,2023-06-29T22:00:00Z
2024-01-06T23:00:00Z,2021,12,CA,California,Tulare,6107,6,107,3,92,,1.26786537574919,,2021-12-30T23:00:00Z,2020-01-30T23:00:00Z,2023-06-29T22:00:00Z
2024-01-06T23:00:00Z,2021,12,CA,California,Tuolumne,6109,6,109,5,17,,0.118063754427391,Completeness of provisional 2019 data under 90% after 6 months.,2021-12-30T23:00:00Z,2020-01-30T23:00:00Z,2023-06-29T22:00:00Z
2024-01-06T23:00:00Z,2021,12,CA,California,Ventura,6111,6,111,3,264,,0.0280583613916947,,2021-12-30T23:00:00Z,2020-01-30T23:00:00Z,2023-06-29T22:00:00Z
2024-01-06T23:00:00Z,2021,12,CA,California,Yolo,6113,6,113,2,33,,0.259235255994815,,2021-12-30T23:00:00Z,2020-01-30T23:00:00Z,2023-06-29T22:00:00Z
2024-01-06T23:00:00Z,2021,12,CA,California,Yuba,6115,6,115,4,26,,0.37037037037037,Completeness of provisional 2019 data under 90% after 6 months.,2021-12-30T23:00:00Z,2020-01-30T23:00:00Z,2023-06-29T22:00:00Z
