word,description,language
Anánkē (Ανάγκη),"destiny, fate, necessity.", Greek
Énouement,"The bittersweetness of having arrived in the future, seeing how things turn out, but not being able to tell your past self.", French
Panapoo'o,The act of searching your head in order to help you remember something you have forgotten., Hawaiian
Nakakapag pabagabag,Something that brings about excessive anxiety or restlessness for a period of time; something that is making you nervous, Tagalog
Fika,Drinking coffee along with eating something sweet, Swedish
Mamihlapinatapai,"A look shared by two people, each wishing that the other would initiate something that they both desire but which neither wants to begin", Yaghan
Lieko,A tree trunk that has fallen to the bottom of a lake, Finnish
Spannungsbogen,A sequence of events which build up suspense and/or tension, German
Strikhedonia,"The joy of being able to say ""to hell with it""", English
Nepenthe,Something that helps you forget grief or suffering, Greek
Koev li halev (כואב לי הלב),"Literally ""my head hurts"", but used to convey empathy for someone's suffering", Yiddish
Chandamama (చందమామ),"Literally ""uncle moon""; referring to the moon when admiring it", Telugu
Umami,"A category of taste in food (besides sweet, sour, salt, and bitter); savoriness", Japanese
La douleur exquise,The pain that comes from wanting someone you can’t have, French
Lus,"Desire, craving; greed; fancy, cupidity; inclination, tendency.", Afrikaans
Feierabend,End of the work day, German
Bildung,"education, formation, acculturation, cultivation, development.", German
Pelinti,To move hot food around in your mouth, Buli
Tartle,The act of hesitating while introducing someone because you've forgotten their name, Scottish
mångata,The roadlike reflection of moonlight on water, Swedish
Aesthete,Someone with deep sensitivity to the beauty of art or nature, English
Chutzpah,"Insolence, cheek, audacity. Commonly used to describe someone when they have crossed the line of acceptable behavior", Yiddish
O ka la nokonoko,A day spent in nervous anticipation of a coughing spell, Hawaiian
Kuidare,To eat yourself into backruptcy, Japanese
Mono no aware,The bittersweetness of a brief and grading moment of transcendent beauty., Japanese
Koi No Yokan,The feeling upon meeting someone that falling in love with them is inevitable., Japanese
Bixomets,Shame on behalf of others, Catalan
Occhiolism,The awareness of the smallness of your perspective, English
Aduantas,Describes the angst that comes with being in an unfamiliar place and among unfamiliar people, Irish
Trepverter,A witty comeback you think of only when it’s too late to use, Yiddish
Ikigai,A reason for being; the thing that gets you up in the morning., Japanese
Entzuterre,A distance that allows you to listen to another conversation, Basque
L'appel du vide,Describes the instinctive urge to jump from high places, French
Haiku (俳句),"A form of Japanese poetry, usually just 17 syllables long (with lines of 5, 7, and 5 syllables), involving the sudden juxtapositions of ideas or images, and often focused on natural (e.g., seasonal) phenomena.", Japanese
Naz,The pride that comes from knowing that you are loved no matter what you do, Urdu
Ádvaita (अद्वैत),non-dual; the notion that there is only one reality., Sanskrit
Kairosclerosis,A moment in which you realize that you're happy but simultaneously destroy that happiness by overthinking it, English
Vorfreude,"The joyful, intense anticipation that comes from imagining future pleasures", German
Athazagoraphobia,"The fear of forgetting, being forgotten or ignored, or being replaced", English
Tempus fugit,"Time flies, flees, escapes.", Latin
Anchorage,The desire to make time stand still, English
Badkruka,"Someone who refuses to enter a body of water. Eg. Get in the lake you badkruka, or am I going to have to pull you in by your beard?", Swedish
Desir,The sound of sand driven by the wind, Malay
Raspafiestas,An adjective to describe a person who doesn't go until the party is over., Spanish
Empalagada,How you feel after having something too sweet, Spanish
Bayanihan,"Mutual cooperation; when a burden is shared together with a positive attitude with a sense of camaraderie, the burden feels lighter.", Tagalog
Kummerspeck,"Weight you gain because you're unhappy (""sorrow bacon"")", German
Dor,The heartbreak and sense of longing you feel because you’re separated from your love, Romanian
Dreich,"Of weather: extremely dull, miserably dreary, a combination of cloud, rain, fog, wetness and coldness - all at the same time", Scottish
Mysa,"Can mean ""cosying up"" or ""to snuggle"", but in braoder sense, it means to ""have a nice and relaxed time""", Swedish
Rhwe,"To sleep on the floor without a carpet, drunk and naked", Tsonga
Üşenmek,To be too lazy to do something, Turkish
Gula,"Gluttony, greed; indulgence; eating simply for the taste (i.e., not from hunger).", Spanish
Sortable,"adj. Someone you can take out without fear of being embarrassed, usually used to refer to friends or family members. e.g. ""Elle n'est pas sortable.""", French
Odnoliub,Someone who has only one love in his or her life; someone who is capable of loving only one at a time, Russian
Aka'aka'a,Skin peeling or falling off after either sunburn or heavy drinking, Hawaiian
Beschaulich,"Quiet, pensive; living a simple life; pleasantly contemplative, unhurried in a fashion that inspires mental well-being.", German
Dadirri,"Inner, deep listening and quiet, still awareness out of respect.", Ngangiwumirr
Jaksaa,A lack of enthusiasm to do something, Finnish
Celístia,Brighness from the stars, Catalan
Te quiero,"Similar to ""I love you"" in a lower level, something that you say to someone and maybe someday it will be ""love"". For example, It's used with close co workers or in the classroom.", Spanish
Resol,"That kind of sun light, non direct, when the sun is covered by clouds that still hurts the eyes.", Mallorquín
Desvelarse,To wake up in the middle of the night. Be unable to fall asleep., Spanish
Komorebi (木漏れ日),Lit. wood is ‘leaking’ sunlight; dappled sunlight filtering through leaves., Japanese
Abquatulate,To leave without saying goodbye, English
Épater les bourgeois,To shock the middle classes, French
Ninot,"A ninot is a figure with human representation. In a conversation, it means a person without personality.", Valencian
Schnickschnack,Items of little value; empty words that people may utter, German
Mokita,The truth we all know but agree not to talk about., Kilivila
Khaste Nabashid (خسته نباشید),"""I hope that you are not tired""", Persian
Schulbildend,Inspiring or leading to the creation of schools of thought., German
Saper vivere,"The ability to handle people and situations with charm, diplomacy and verve; cf. savior faire (French).", Italian
Zažitjsja (зажиться),To keep living beyond the point where one feels they would be better off dead, Russian
Culaccino,The mark left on the table by a cold glass, Italian
Mechaye,"Joy, pleasure; something that gives great joy/pleasure.", Yiddish
Tinga,Particles of food left between teeth, Tagalog
Gemes,The state of going out of one's mind in adoration of something that is extremely likeable or cute, Indonesian
Fisselig,Being flustered to the point of incompetence, German
Vemödalen,The fear that everything has already been done. For example: the frustration of photographing something amazing when thousands of identical photos already exist., English
Engili (ఎంగిలి),Having contacted another's mouth directly or indirectly via hand or utensil that is not fit for consumption., Telugu
Sturmfrei,Having the house or flat to oneself, German
Sud’ba (судьба).,"Fate, destiny, fortune", Russian
Döşek,Anything that you can use when you are laying down or sleeping, Turkish
Abhayamudrâ (अभय मुद्रा),"The gesture (e.g., in Hindu and Buddhist iconography) of fearlessness, protection, and/or peace; involves the palms facing outwards, and the fingers extending upwards.", Sanskrit
Innerer Schweinehund,"Literal: 'Inner pig dog'; the lazy voice in your head. It symbolizes the part of you that doesn’t want to go jogging, that prefers staying at home with chocolate and pizza and is just generally lazy.", German
Fremdschämen,To be embarrassed by something somebody else did, German
Vipāka (विपाक),"Ripening; the result, ripening or maturation of karma.", Sanskrit
Biritululo,The act of comparing yams to settle a dispute, Kiriwani
Ḥôjônsô (һөйөнсө),Good news for which a reward is given, Bashkir
Iktsuarpok,The feeling of anticipation that leads you to keep looking outside to see if anyone is coming., Inuktitut
Jootha,Food eaten by someone and left in the plate, Hindi
Tokka,A large herd of reindeer, Finnish
Selcouth,"Rare, strange, marvellous, wondrous.", English
Gambiarra,"A very poor or ugly but effective solution for a problem; to use improvised methods / solutions to solve a problem, with any avaiable material", Portuguese
Schadenfreude,Pleasure derived by someone from another person's misfortune., German
Insouciant,"Free from worry, concern, or anxiety", English
Abditory,A place into which you can disappear; a hiding place, English
Kopfkino,"Imagining scenarios vividly (""head cinema"")", German
Yakamoz,The reflection of moonlight or other lights on water, Turkish
Petrichor,The smell of earth after rain, English
Agape,"selfless love to all, universal loving kindness", Greek
Kaapshljmurslis,The feeling of being cramped on public transportation, Latvian
Yaqin (يقين),Certitude and freedom from doubt., Arabic
Wejbet,Unwanted/inconvenient social and family obligations that are somewhat necessary to maintain good relations, Arabic
Anteayer,The day before yesteraday, Spanish
Subhiya,"Morning coffee, gossip and chat with neighbors after housewives have sent their children to school", Arabic
Toska (тоска),"At its deepest and most painful, it is a sensation of great spiritual anguish, often without any specific cause.", Russian
Apapachar,Pamper a person especially when she or he is sad, Spanish
Zeg,The day after tomorrow, Georgian
Gourmand,One who is excessively fond of eating and drinking., French
Capicua,"A number that doesn't vary if the numbers are inverted. Also it can be called a palindrome, but the word capicua refers especially to the numbers", Catalan
Strohwitwer,"""Grass widower""; a man whose partner or wife has left him alone.", German
Qì (氣),"Lit. air, breath; ‘life force/energy’.", Chinese
Formacja,A state of mind and its own culture of a generation, Polish
sobremesa,After-dinner conversation, Spanish
Sophrosyne,"A healthy state of mind, characterized by self-control, moderation, and a deep awareness of one's true self, and resulting in one's true happiness.", Greek
Fensterln,To visit a girl who you fancy either by coming to her window or climbing through it to see her, German
Ayurnamat,The philosophy that there is no point in worrying about events that cannot be changed, Inuktitut
Eesome,Pleasing to the eye, English
Titip,To temporarily entrust something to a person, Indonesian
Rashk-e-Qamar,"Someone who is so beautiful, the moon is jealous of their beauty", Urdu
Nenna,Not having the will to do something, Icelandic
Rabenmutter,"A bad mom (""raven mother"")", German
Guanxi (关系),An intimate connection between people which would benefit from the other in solving delicate problems or in achieving personal goals, Chinese
Avoir la molle,A listless unwillingness to do any work, French
Capoclaque,Someone who co-ordinates a group of clappers., Italian
Umij se,Splash water on your face, Serbian
Gurfa,The amount of water that can be scooped up in a hand., Arabic
Pneúma (πνεῦμα),Wind; breath; spirit., Greek
Tuerto,A man with only one eye, Spanish
Lagom,Not too much and not too little, Swedish
Pretoogjes,Lit. 'fun eyes'; the twinkling eyes of someone engaging in benign mischief or fun., Dutch
Dépayser,"Disorientation; not necessarily unpleasant (e.g., a pleasant sense of strangeness from being in a foreign country).", French
Waldeinsamkeit,The feeling of solitude in the woods, German
Ramé,Something that is both chaotic and joyful at the same time, Indonesian
Pena ajena,"""I feel embarrassed for you""", Spanish
Startijenn,A kickstart/boost of energy; also denotes perseverance., Breton
Empalagoso,Too sweet. Adjective to say you ate something so sweet that you got sick of it., Spanish
Akrasia,"When you know what to do in theory, but don’t act on it in practice. The literal translation is “weakness of will.” Akrasia is how people struggle to take action, even though the Internet gives them unlimited information.", Greek
Rizq,"Life's provision of account. Often used in daily speech when someone wasn’t able to achieve something, it wasn’t in their Rizq.", Urdu
uḷaṟu (உளறு),To say something that should not be or to say somethng nonsensical or unrelated, Tamil
Monachopsis,The subtle but persistent feeling of being out of place, English
Schwärmerei,Excessive or extreme enthusiasm or sentimentality., German
Wabi-sabi,Finding beauty within the imperfections of life and peacefully accepting the natural cycle of growth and decay., Japanese
Handschuhschneeballwerfer,A person who wears gloves to throw snowballs; a wimp, German
Neko-neko,Someone that has a novel idea that only makes things worse, Indonesian
Noniná,"Triple negation. Means yes, with emphasis.", Spanish
(يقبرني) Ya'aburnee,A declaration of one’s hope that they’ll die before another person because of how difficult it would be to live without them., Arabic
Ômä (өмә),Collective helping, Bashkir
Kæk,"Spirited, bold, cheeky, cocky.", Danish
Hoppilandkalle,Guy who jumps to dry land to moor a boat, Swedish
Donaldkacsázás,Translated as “Donald ducking” or wandering around one’s house with a shirt but no trousers, Hungarian
Muskelkater,"Charley horse (""muscle cat"")", German
Presenzialismo,Someone who’s preoccupation is to make appearances at social events; the tendency to be present at every social event in order to get noticed., Italian
Durcheinander,Complete mess; screwed up beyond all recognition, German
Goesting,"Looking forward to, can't wait, have an appetite for", Dutch
Mātauranga,"The comprehension, or understanding of the universe", Nogay
Mitonner,Cooking with passion, French
Eshaku,A slight bow of around 15 degrees, Japanese
Zindabad,"A shout of encouragement; a cheer, which can also be interpreted to mean ""may [idea or person] live forever""", Urdu
Acoy,Something that is either very positive or negative, Indonesian
inssa,Short word of insider = trendy people who catch up with the trends, Korean
Schnapsidee,An idea you have when you're drunk and will probably not considered anymore once you're sober, German
Surströmmingspremier,The first day of the year where it acceptable eat rotten herring., Swedish
Nedoperepitj (недоперепить),"To drink more than one should have, but less than one would have wanted. To fail to drink too much.", Russian
Janteloven,Jante’s law; a set of social codes or norms that emphasize the importance of collective success rather than individual, Norwegian
Moledro,"A feeling of resonant connection with an author or artist you'll never meet, who may have lived centuries ago and thousands of miles away", English
Oxymoron,Figure of speech in which apparently contradictory terms appear in conjunction, English
Goso,"When you smell sesame oil - that nutty, flavorful, aromatic - mostly used to describe smells of sesame and/or bean paste", Korean
Mauerbauertraurigkeit,"The unexplicable urge to push people away, even close friends who really like you.", German
Gluggaveður,"""Window Weather"" i.e. weather that is nice to look at through a window but not nice to be out in", Icelandic
Schnapsdrossel,A person that drinks a lot but rarely gets drunk, German
Xeitoso,"Something well done or someone who does some particular thing well. Also someone who looks put together. A person has (or has not) ""xeito"" (is ""xeitoso"", or not) at doing something when he does something properly.", Galician
Chrysalism,An amniotic tranquility of being indoors during a thunderstorm., English
Propuh,A draft of air usually created by opening doors on opposite sides of the house or windows in a car. Some believe it can cause diseases or even kill you., Bosnian
Adroit,"Lit. according to right; skilled, resourceful; dexterous.", French
Boketto,The act of gazing vacantly into the distance., Japanese
Siwon,"Usually meanng cool or cold, but when used in the context of dining, means the taste which achieves the ideal umami such that the food feels cool", Korean
Mecnun,"""madly in love"" to the point of actual mental instability", Turkish
Jafjafa (جفجفة),The sound of new clothes., Arabic
Duende,The mysterious power of art to deeply move a person, Spanish
Nadryv,"When a person releases intimate, deeply hidden feelings, sometimes that do not truly exist; imaginary, excessively exaggerated and distorted feelings", Russian
Fanaa (فناء),"Used in a romantic, and spiritual sense. It could also mean breaking free, escaping ego, dying while your material body hasn’t", Urdu
Faamiti,The sound made by sucking air past the lips in order to gain the attention of a dog or child, Samoan
Kyoiku mama,A mother who relentlessly pushes her children toward academic achievement, Japanese
Hoʻoponopono,Mutual forgiveness., Hawaiian
Að redda,To save someone or fix something in a time sensitive manner., Icelandic
Torschlusspanik,The fear that time is running out on achieving life goals, German
Drachenfutter,A gift to your significant other as a form of apology, German
Rabharta,A spring tide , Irish
L’ecole stratim (לאכול סרטים),"Literally ""to eat motives""; describing a person that loves drama", Yiddish
Schnapsidee,An idea so stupid the person must have thought of it while drunk, German
Dugnad,Communal work in a gathering for mutually accomplishing a task (ex: a knitting bee), Norwegian
Friolero,Someone that is very sensitive to cold. That friend that always feel cold., Spanish
Onsay,Pretend to love, Boro
Kuebiko,A state of exhaustion inspired by acts of senseless violence, Japanese
Ubuntu,A quality that includes the essential human virtues; compassion and humanity., Zulu
Hinna,"""To find the time” or “to be on time”", Swedish
Hikikomori,"When a young person who is obsessed with TV, video games, and the internet, withdraws from society", Japanese
Estrenar,The experience of wearing something for the first time, Spanish
Vypendrivatsja (выпендриваться),"To behave in a way that makes one look more important or special than one is, to ride the high horse, to show off", Russian
Lítost,Sate of agony and torment created by the sudden sight of one’s own misery., Czech
Weemoed,"Lit. sadness, woe (wee) courage, daring, mood (moed); soft mood; light melancholy; having the strength to overcome a feeling of sorrow (e.g., arising in relation to nostalgia).", Dutch
Putzfimmel,Adjective for someone who is obsessed with cleaning, German
Frustfressen,Excessive eating because of frustration, German
Eunoirophrenia,The peace of mind that comes with having pleasant dreams., Greek
Shinrin-yoku (森林浴),bathing' in the forest (literally and/or metaphorically)., Japanese
Offing,"The deep, distant stretch of the ocean that is still visible from the land; the foreseeable future", English
Filotimo,"A friend of honour, but it also implies dignity, pride, sacrifice and respect", Greek
Pochemuchka,A person who asks a lot of questions, Russian
Ba Namak,"A person ""with salt""—funny, witty, flavorful, or charming, as opposed to a humorless, dry person.", Persian
Lekker,"Literal translation ""tasty"", but can be used to describe anything that has one's hearty approval", Afrikaans
Backpfeifengesicht,A face in need of a slap, German
Redamancy,The act of loving the one who loves you; a returned love in full, English
Packesel,The person who’s stuck carrying everyone else’s bags on a trip, German
Psithurism,The sound of wind through trees, English
Resfeber,Travel fever/bug; the feeling of excitement and nervousness experienced by a traveller before undertaking a journey., Swedish
Hammajang,"""All messed up""", Hawaiian
Merienda,"It's something you eat between lunch and dinner (sandwich, fruit...). At 6pm or so. Kids never miss it.", Spanish
Verpeilt,Regularly forgetting things and not being in the present moment enough to organize your life properly, German
Stushevatsya,To fade into the background, Russian
Cúbóg,A collection of Easter eggs, Irish
Wei-wu-wei,"""Action without action"" or effortless doing; conscious non-action; the deliberate and principled decision to do nothing for a reason.", Chinese
Camhanaich,Half-light; early morning twilight, Irish
Kombinować,to conspire/try to resolve a problem with unusual methods or through connections, Polish
Overskud,Extra/excess energy; do have sufficient resources to do something; profit (in an economic context)., Danish
Unglücksrabe,An unlucky person (literally: Raven with bad luck), German
Desenrascar,An informal word that means the act of figuring out things, Portuguese
Boketto (ぼけっと),gazing vacantly into the distance (without thought or sense of self)., Japanese
L’chaim (לְחַיִּים),Lit. ‘to life’., Hebrew
Shouganai,It cannot be helped., Japanese
On-nomi,The practice of getting together with friends on the internet and having a drink together, Japanese
Bon vivant,Someone who enjoys and appreciates the good life., French
Hiraeth,A deep longing for home, Welsh
Xíng qì (行氣),"Volitionally (e.g., mentally) circulating or directing qi.", Chinese
Cafuné,Tenderly running your fingers through your lover's hair, Portuguese
Töörõõm,work fun': finding the simple joys in everyday tasks., Estonian
Sumud (صمود),"steadfastness, a determined struggle to persist.", Arabic
Otium,"The condition of being in control of one’s own time; leisure, free-time; ease, peace.", Latin
Philotimo (φιλότιμο),The inner impulse to act well and in alignment with the moral virtues that represent one's own society and upbringing, Greek
Frischluftfanatiker,"literal translation: fresh air fanatic; referring to a person who tends to keep the windows open to get fresh air, even in winter or someone who always tries to be outside in the open air", German
Vprikusku,Drinking tea through pieces of sugar, Russian
Sgriob,The itchiness of the upper lip just before taking a sip of whisky, Irish
Kuleana,"Self-imposed responsibility, duty, service", Hawaiian
Utura-utura (うつらうつら),To drift between sleep and wakefulness., Japanese
Chimuela,a person lacking one or more teeth, Spanish
Nekama,A man who pretends to be a woman on the internet, Japanese
Dreich,"Especially of weather: dreary, bleak. For example, ""a cold, dreich early April day""", Scottish
Fahrvergnügen,The love of simply driving, German
Trennungsagentur,"Literal: ""separation agent""; A man hired by women to break the news to their boyfriends that they are breaking up", German
Aşermek,The experience of craving certain foods while pregnant, Turkish
Latah,Uncontrollable habit of saying embarrassing things, Indonesian
Shalom (שָׁלוֹם),"peace, harmony, wholeness, prosperity, welfare and tranquillity; used also as a greeting/parting salutation.", Hebrew
Chindogu,"A person seemingly inventing ingenious everyday gadgets that seem like an ideal solution to a particular problem, but are in fact nothing more than a useless gag", Japanese
Schlemiel,"An inept, clumsy person", Yiddish
Verschlimmbessern,"Literally ""worsen better""; making something worse while trying to improve it", German
Mysig,To describe anything with an unexpectedly relaxing vibe, Swedish
Sokaiya,A man with a few shares in several companies who extorts money by threatening to come to the shareholders' meetings and cause trouble, Japanese
Apomakrysmenophobia,The sudden fear that the relationships you posses are shallow or lack depth, English
Rire dans sa barbe,To laugh in your beard quietly while thinking about something that has happened, French
Gattara,A woman catlover who feeds alley cats or spends time with domestic cats, Italian
Dhakkann,"""The shroud of clouds concealed the sun."" Someone too naive to see the truth in things, also used in a derogatory way", Hindi
Eunoia,A well-mind; beautiful thinking, Greek
Chantepleurer,Singng and crying simultaneously, French
Zeitgeist,"The ""spirit of the time"" is what's going on culturally, religiously, or intellectually during a certain period.", German
Nito-onna,"A woman so dedicated to her career that she has no time to iron blouses, so dresses only in knitted tops.", Japanese
Tretår,A second refill or “threefill” of coffee, Swedish
Gemba,"The real place'; in business it refers to the real place where value is created, such as the factory floor. Instead of depending on hierarchy, the people who are closest to what's happening make decisions. Ie: the more hands-on knowledge a decision-maker has, the better their decision will be.", Japanese
Morriña,Nostalgia that you feel when you are far from home, Galician
Gongoozler,"A person who enjoys watching activity on the canals of the United Kingdom. The term is also used more generally to describe those who harbour an interest in canals and canal life, but do not actively participate.", English
Aimonomia,Being scared to learn the ‘why’ of something, English
Víðsýni,A panoramic view; open-mindedness., Icelandic
Schlimazel,A chronically unlucky person, Yiddish
Dapjeongneo,"Used when someone asks a question despite knowing the answer, expecting the listener to make a smart and studied guess", Korean
Mu (無),"Not one, not zero, not yes, not no", Japanese
Fachidiot,Someone who knows a great deal about a very narrow subject, German
Riposo,"Rest, repose; a nap; cf. siesta.", Italian
Kucir,A tuft of hair left to grow on top of an otherwise bald head, Indonesian
Sankocha,"The feeling of embarrassment due to receiving an inordinate or extravagent gift/favor, making you feel as though you need to return a favor that you can't", Kannada
Sensizlik,"the state and the concept of being without you, not having you", Turkish
Nementia,Feeling nervous or anxious in your own skin, English
Viraag,The emotional pain felt from being away from the person you love, Hindi
Sisu,Extraordinary determination in the fact of adversity, Finnish
Majime (真面目),"Reliable, responsible, diligent; seriousness, formality.", Japanese
Zgabalj,"Mixture of all the bad things in the world, combined", Serbian
Konfliktfähigkeit,"the ability to manage interpersonal conflict constructivly, without becoming personally involved.", German
(يقبرني) Ya'aburnee,A way to declare your hope that your loved one will outlive you because of how unbearable it would be to live without them., Arabic
Vybafnout,"To jump out and say ""boo""", Czech
Minestra riscaldata,"Literally ""heated soup""; something done again but never as good as the first time it happened. Alternative to cavoli riscaldati (heated cabbage)", Italian
Gezellig,"A warm feeling of cozyness, but also have good times with friends af a party.", Dutch
Séanas,A gap between the upper front teeth, Irish
Paasa,A person who leads someone on (intentionally or not). Appearing as if they are genuinely interested romantically when they aren’t, Tagalog
Maktub,"""Everything is destined and written""", Arabic
Yuputka,"A word made for walking in the woods at night, it’s the phantom sensation of something crawling on your skin", Ulwa
Ignōrāmus,"Lit. ‘we do not know’ (e.g., the spirit of scientific enquiry), or ‘we take no notice of’ (used in legal contexts, e.g., when deemed evidence to be inadmissible).", Latin
moņ (моң),Sadness; melody; lyricism, Bashkir
desenrascanço,the ability to find improvised solutions to problems, Portuguese
Layogenic,Good looking from a distance, Tagalog
Gamchil,"Korean word of Umami, best translated as ""flavorful"" and ""tasty."" Used often when describing a dish that achieves entirely new level of flavor by combining elements from ukegon, meaning land, sea and sky.", Korean
Pole,Sorry; can also express empathy and understanding., Swahili
Aegyo (애교),Accentuated cute behaviour (voice/facial expression/gestures); Frequently used by K-pop idols (all genders) as fan service. Also used as a sign of affection towards loved ones (family or romantic partners)., Korean
Sitzfleisch,"Having ""Sitzfleisch"": being persistent enough to complete a tough or big task", German
Levensgenieter,Someone who loves life deeply; is devoted, Dutch
Guān xì (關係),Cultivating relationships; reciprocal connections; networking; social karma., Chinese
Magari,"maybe, hopeful wish, wistful regret, in my dreams, if only.", Italian
Madrugarse,To stay up until the wee hours of the morning, Spanish
Sonder,the realization that everyone has a life as vivid and complex as your own); coined by John Koenig., English
Ellipsism,A sadness that you'll never be able to know how history will turn out, English
Mulaltsag,"From a von Neumann biography: ""It is not a party, it is not a feast, it is not even an orgy; it is simply the spontaneous combustion of a bunch of people having a good time.""", Hungarian
Retrouvailles,"Lit. 'rediscovery'; a reunion (e.g., with loved ones after a long time apart).", French
Vabba,To be at home with the kids, Swedish
Charmolypi,"""Joy-making sorrow"". A mixed feeling of happiness while being sad.", Greek
Nakhur,A camel that won't give milk until her nostrils have been tickled, Persian
Mágoa,"A heart-breaking feeling that leaves long-lasting traces, visible in gestures and facial expressions", Portuguese
Nameer (نمير),Clear water., Arabic
Mahalo,"Thankfulness, appreciation, and gratitude as a way of living", Hawaiian
Kenopsia,"The eerie, forlorn atmosphere of a place that is usually bustling with people but is now abandoned and quiet.", English
Oodal,"Overly exaggerated, fake anger that follows a lovers’ quarrel", Tamil
Kolay gelsin,"""may it come easy for you""; said to those who are busy", Turkish
Bimyou,"Not bad, or ""meh""", Japanese
Mangomoment,"""What can I do now for you, to make you happy?""", Dutch
Cwtch,Wrapping of your arms around someone to make them feel safe in the world, Welsh
Andria (ανδρεία),"Both valour and courage, expressed in actions in front of the face of danger", Greek
Verschlimmbesserung,An attempt at improvement that makes things worse than they already were, German
Достолепие (dostolepiye),"Contains the roots for dosta (a lot) and lepota (beautiful) from Old Bulgarian language. The word literally means full of beauty but it is more like a combination of noble, full of values, beautiful and brave for man and femininity for women. It is very typical to use this word in context of old traditional photos of people where one appreciate the beauty of the past.", Bulgarian
Sayang,Describes when you've wasted an opportunity, Tagalog
Myötähäpeä,Secondhand embarrassment, Finnish
Glückspilz,"A lucky person (""lucky mushroom"")", German
Goya (گویا),The transporting suspension of disbelief that can occur in storytelling, Urdu
Tjäle,"Ground frozen hard, beyond the point where digging is possible", Swedish
Vellichor,The strange wistfulness of used bookshops, English
Listopad,The falling of the leaves, Russian
Vergangenheitsbewältigung,Coping with the past, German
Enxebre,Something pure and very authentic, Galician
Lachesism,"The desire to be struck by disaster - to survive a plane crash, or to lose everything in a fire", English
Tuntuvar,The day before a wedding, Nogay
Bilita Mpash,Opposite of a nightmare, Bantu
Rè nào (熱鬧),"Not only fun and lively, but also has a special vibe that makes everyone want to be there.", Chinese
Salām (سلام),"Peace, harmony, wholeness, prosperity, welfare and tranquillity; used also as a greeting/parting salutation.", Arabic
Qì zhì (氣质),"Quality of character, disposition, style, charm, attractiveness, magnetism.", Chinese
Lha’i rnal ‘byor (ལྷའི་རྣལ་འབྱོར),"Deity meditation/yoga; an advanced practice in which one visualises interacting with, or ‘accomplishing’ (i.e., being), a deity.", Tibetan
Buksvåger,"Literally means ""abdomen brothers-in-law""; used for two men who have slept with the same woman", Swedish
Spätzünder,A person who needs a long time to understands sth/ so who makes belated progress of personal development, German
Chai-Pani,"Literal: ""tea and water""; the money and favors given to someone to get things done", Hindi
Querencia,"A place from which one's strength is drawn, where one feels at home, the place where you are your most authentic self", Spanish
Gretchenfrage,A direct question with the intention of unveiling the underlying thoughts of the person being questioned, German
Þetta reddast,it will all work out ok' (used especially when things don't look optimistic!)., Icelandic
Extrawurst,"Someone who is slowing things down by being fussy, making everything more complicated than necessary", German
Mumpsimus,A traditional custom or notion adhered to although shown to be unreasonable., English
Abendrot,The colour of the sky when the sun is setting, German
Frostbeule,"Someone that is very sensitive to cold. That friend that always feels cold. (""frost bite"")", German
Karelu,The mark left on the skin by wearing something tight, Tulu
Tokimeki ときめき,Excitement; Feeling of bliss or joy from a discrete experience, Japanese
En plein air,Outdoors; in the open air., French
Oneirataxia,The inability to distinguish between fantasy and reality, English
Jibaku,The act of unintentionally or inadvertently demolishing your own argument in the process of defending your view, Japanese
Carpe Diem,Make the most of the present moment or opportunity. Lit. sieze the day., Latin
Taraadin,A happy solution for everyone, Arabic
Mencolek,The trick when you tap someone lightly on the opposite shoulder from behind to fool them, Indonesian
Parea,"A group of friends who regularly gather together to share their experiences about life, their philosophies, values and ideas.", Greek
Zanshin (残心),Lit. ‘remaining/enduring heart-mind’; a state of relaxed mental alertness (especially in the face of danger or stress)., Japanese
Numinous,"Describing an experience that makes you fearful yet fascinated, awed yet attracted - the powerful, personal feeling of being overwhelmed an inspired", English
Autophile,"A person that loves solitude, being alone", English
Age-otori,The bad feeling one gets after a terrible haircut, Japanese
Tôpäj (төпәй),Interjection that is used to forewarn a child of falling, Bashkir
Erklärungsnot,The state of having to quickly explain yourself, German
Trasnochar,To stay up all night, Spanish
Mambo,Someone that still lives with their mother, Swedish
Exulansis,The tendency to give up trying to talk about an experience because people are unable to relate to it., English
Meraki,"Describe doing something with soul, creativity, or love — when you put “something of yourself” into what you're doing, whatever it may be.", Greek
Cierrabares,"""Bar-closer"". A person who usually leave the party on last place.", Spanish
Fingerspitzengefühl,"Literal: “finger tips feeling"", but means an intuitive feel or to have one's finger on the pulse", German
Jayus,A joke that is so unfunny (or told so badly) that you just have to laugh., Indonesian
Luscofusco,"Time of nightfall, just with the last ray of Sun", Galician
Anima,Soul; spirit; breath; mind, Latin
Serendipity,The development of events by chance that result in a beneficial way, Tamil
Kuuki Yomenai,"""Cannot read the air” and jokingly applies to people who struggle to read social situations", Japanese
Forelsket,The euphoria you feel when you're first falling in love., Norwegian
kaizen,Continuous growth, Japanese
Rokjesdag,"""Skirt day""; the first day of the spring when there is a youthful vibrance in the air and when it is warm enough to wear a short skirt bare-legged", Dutch
Pulesveis,"Messy hair, in particular in the back of the head, resulting from being rubbed against the pillow during sex", Norwegian
Gökotta,To rise at dawn in order to go out and listen to the birds sing, Swedish
Recherché,"Rare, exotic, unusual; not understood or appreciated by many people.", French
Rubatosis,The unsettling awareness of your own heartbeat, English
Chingada,"An imaginary, horrible place where you send all those who annoy you", Spanish
Saucer,To mop up the sauce from your plate with a piece of bread, French
Jouska,A hypothetical conversation that you compulsively play out in your head, English
Wú jí (無極),"Lit. without highest point, utmost point, ridgepole; ultimate, boundless, limitless; the primodial universe; original nature.", Chinese
Sphallolalia,Flirtatious talk that leads nowhere., English
Luftmensch,"Literal: ""air person"". Refers to someone who is a bit of a dreamer", Yiddish
Geis,"Taboo, prohibition; injunction; something you do (or don’t do), upon which your life depends, or which defines your life.", Irish
Crapoter,verb. To not take a lungful of a cigarette., French
Cynefin,A place where a person or an animal feels it ought to live and belong; it is where nature around you feels right and welcoming, Welsh
Livsnjutare,Someone who loves life deeply, Swedish
Bababa ba?,Is it going down? (In the context of an elevator), Tagalog
Jugaad (जुगाड),the ability to 'make do' or 'get by'., Hindi
"Tulak ng bibig, kabig ng dibdib.","Pretending to dislike something, when it reality you actually like it. Literal translation, ""push of the mouth, pull (drawing closer to self) of the chest"".", Tagalog
Kabelsalat,"Tangled up cables; literally “cable-salad""", German
Voorpret,That feeling of excitement you get even before an event actually takes place. Literally translates to “pre-fun.”, Dutch
Wasuremono,Forgotten or lost things; an item left behind on a train or forgotten at home., Japanese
Mensch,A person of integrity and honour, Yiddish
Uzsonna,A meal between lunch and dinner, Hungarian
Yoisho,"A word without meaning, said when flopping into a chair after a hard day at work or lifting a heavy bag.", Japanese
Saudade,"melancholic longing, nostalgia, dreaming wistfulness.", Portuguese
Rauxa,Sudden determination or action; rapture, Catalan
Philia,"""highest form of love""; deep love between friends, brotherly love", Greek
Yokomeshi,"Literal: ""meal eaten sideways""; the stress caused by speaking a foreign language", Japanese
Blunda,To close your eyes. Can be used literally or figuratively; refuse to see something., Swedish
Desus,"The quiet, smooth sound of somebody farting although not very loudly", Indonesian
Orphic,Mysterious and entertaining; beyond ordinary understanding, English
Ćeif,A slow and silent enjoyment in someone or in something, Bosnian
Liberosis,The desire to care less about things., English
Viitsima,To overcome laziness as the last or only obstacle to do something., Estonian
Dayenu,"""It would have been enough""", Hebrew
Wanderlust,A strong desire to travel, German
Mauri,"The essence that animates something living, but not human", Māori
Lepos,"Charm, grace, wit, elegance, allure.", Latin
Uitbuiken,Literally means giving your belly or stomach space to expand after a proper dinner. It signifies being so full that you really have to go lay down and ''uitbuiken''., Dutch
Papakata,To have one leg shorter than the other, Māori
Eunoia (εὔνοια),A well-mind; beautiful thinking, Greek
piñcu (பிஞ்சு),"Young, baby fruit", Tamil
Beau geste,A gesture noble in its nature or intention but ultimately meaningless in substance, French
Löyly,The steam that rises from the sauna heater when water is thrown on it, Finnish
Nunchi,"The art of listening to a person and identifying his or her moods or emotions. The literal combination of ""eye"" and measure""", Korean
Pantoffelheld,"Literally ""slipper hero""; A man who may act tough in front of his friends but can’t stand up for himself against his wife", German
Ripsaspis (ρίψασπις),"Literal: ""the one that throws down his shield""; the one that gives in with dismay", Greek
Avspasere,"To take a day (or more) off from work (e.g., because one has previously worked overtime and has built up credit).", Norwegian
Házisárkány,"Literally ""indoor dragon""; a nagging restless spouse", Hungarian
Nonina,"Andalusian expression of three negations to say yes but with a certain touch, as if wanting to mean that this is not even doubted. ", Spanish
Adronitis,Frustration with how long it takes to get to know someone, English
Rudenėja,"The transition from summer to fall, used to describe all the processes during the change of the seasons, for example leaves changing the colour, constant rain, etc.", Lithuanian
Sirimiri,Weak and constant rain; stronger than a mist but less than a shower., Basque
Volta,"During certain hours of the early evening, around dusk, everyone in the town who might feel like going for a walk takes a saunter or stroll up and down the main street", Greek
Punya,"“Merit,” “virtue”, “sacred"", ""good karma"", among other things", Sanskrit
Aeipathy,A continued passion; an unyielding disease, English
Gigil,The urge to pinch or squeeze something that is unbearably cute, Tagalog
Ser/Estar,The verb 'to be' is two different verbs in Spanish. Ser is 'what you are' and estar is 'how you are/where you are', Spanish
Kafkaesque,Having bizarre of illogical quality, English
Opia,the ambiguous intensity of eye-contact which can feel simultaneously invasive and vulnerable., English
Kibun,Your state of mind with respect to your place in the world., Korean
Kulturbärare,"Lit. culture-bearer or culture-carrier; a phenomenon (e.g., person or idea) that upholds a culture and/or moves it forward.", Swedish
Mandilón,"A male who is super dedicated to his girlfriend, as compared to his friends", Spanish
Limerence,"the state of being infatuated or obsessed with another person, typically experienced involuntarily and characterized by a strong desire for reciprocation of one's feelings but not primarily for a sexual relationship.", English
Eudaimonia,The contented happy state you feel when you travel, Greek
Gezelligheid,"Coziness, fun, the general togetherness that gives people a warm feeling.", Dutch
Seijaku (静寂),"Quiet (sei) tranquillity (jaku); silence, calm, serenity (especially in the midst of activity or chaos).", Japanese
Décidément,"When coincidences occur or when events repeat themselves by chance (for example, when you run into the same person many times in one week)", French
Zechpreller,A person who leaves a restaurant without paying, German
Jouissance,"""an excess of life"", often translated as joy but also can be understood as catharsis", French
Akihi,The forgetfulness felt immediately after being given directions, Hawaiian
Zhaghzhagh,The chattering of teeth from the cold or from rage, Tamil
Philoxenia (Φιλοξενία),"Love of strangers, guests; a hospitable act of welcome.", Greek
Kokoro,A unity of mind and heart., Japanese
Obhimaan (অভিমান ),"Anger, or something close to it, at being upset with a loved one. Abhiman is not anger or sorrow. It is a temporary expression of a feeling about a loved one that he or she is supposed to address.", Bengali
kaṟpu (கற்பு),"Determination to chastity, even in the face of adversity", Tamil
Nostalgie de la boue,"A yearning for degradation, depravity, or other crude/base aspects of life, literally ""a yearning for mud""", French
Dolgostroj (долгострой),A construction project that seems to go on forever, Russian
Uitwaaien,To take a refreshing break outdoors in windy weather, Dutch
Arlésienne,Used to describe people who are at the centre of a conversation/situation/problem but can’t be found anywhere, French
chimak,Chicken and beer, Korean
Abhisar (অভিসার),Lit. 'going towards'; a meeting (often secret) between lovers / partners., Bengali
Merak,"A feeling of bliss and the sense of oneness with the universe that comes from the simplest of pleasures. It is the pursuit of small, daily pleasures that all add up to a great sense of happiness and fulfillment.", Serbian
Te (德),Virtue; morality; integrity; inner power., Chinese
Jein,Yes and no, German
Storgi (στοργη),the love between parents and children, Greek
Kram,The quality of snow that makes it moldable so that one make snow balls and snowmen., Norwegian
Siftah,First sale of the day for merchant, Turkish
Calacala,Children wading through water as they play, Tulu
Mauri ora,The essence that animates humans, Nogay
Palla,To steal fruit off trees, Swedish
Kenjataimu,"""wise man's time"": The post-orgasmic period when a man's thoughts are no longer impaired by his sexual drive; he is thus likened to a ""sage"" of clear mind", Japanese
Shuhari,"A Japanese martial art concept which describes the stages of learning to mastery. Roughly is translated to ""to keep, to fall, to break away"". To first learn the fundamentals (shu), then to break away from traditions (ha), then finally to transcend to where there are no techniques (ri). To ""beomce one with the spirit alone"".", Japanese
Qarrtsiluni,"Sitting together in the darkness, waiting for inspiration to strike you", Iñupiaq
Razbliuto,The feeling for someone you used to love but no longer do, Russian
Dépaysement,The feeling of being in an environment that you are not used to, French
Kweesten,Inviting a lover into your bed for some pillow talk, Dutch
Istories me arkoudes,"Literal: 'stories with bears'; stories that are so crazy, they can't be true", Greek
Sabhsaí,Someone who works outside no matter how bad the weather is, Irish
Altschmerz,Weariness with the same old issues that you've always had - the same boring flaws and anxieties that you've been gnawing for years., German
Jia You (加油),"Literally translated to mean ""add oil"", Jia You means something along the lines of ""give'er hell"", used in the same way ""good luck"" is often applied in English", Chinese
L'esprit de l'escalier,Thinking of the perfect reply after the conversation is over., French
Warmduscher,Literal: 'A person that takes warm showers'; to describe those who have trouble stepping out of their comfort zone, German
Zapoi,2+ days of drunkenness usually involving a journey or waking up in an unexpected place, Russian
Nekojita (ねこじた),"Literally ""cat's tongue""; a person who is sensitive to hot food and especially hot drinks", Japanese
Consuegro,Father in law of your son, Spanish
Solvegg,Literally means sun wall; to find a sunny spot during winter time where you can sit down and enjoy the warmth of the sun, Norwegian
Treppenwitz,"Literal: ""staircase joke"", because the witty retort usually hits you in the stairwell on your way out", German
Attaccabottone,Something that you long to get away from but struggle to, Italian
Sawubona,"A greeting that means “I see you, you are important to me and I value you”", Zulu
Mahj,Looking beautiful after having a disease, Persian
kataṟu (கதறு),Helplessly shaking and crying, Tamil
Njuta,"to deeply enjoy, to profoundly appreciate.", Swedish
Wintercearig,"Literally ""winter sorrow""; a feeling of deep sadness related to the cold, still, dark nature of winter", English
Milozvučan,Having a sweet and gentle voice, Croatian
Morgenfrisk,Feeling rested after a good night's sleep, Danish
Mimoso,Said of something that enjoys being pampered or shown affection, Spanish
Ngaobera,A slight inflammation of the throat caused by screaming too much, Pascuense
Pålegg,Anything that you can put in a sandwich, Norwegian
Gaupasa,Spend the whole night partying until the early morning of the next day., Basque
Angrillen,Beginning the grilling season, German
Philotimo,Love of honour, Greek
Eldsjäl,"This noun is literally ‘fire-soul’, but the actual meaning is ‘enthusiast’ or ‘driving spirit’.", Swedish
Sous-entendu,Don't listen to what you heard. Listen for the message embedded., French
Hikikomori,"Reclusive adolescents or adults who withdraw from social life, often seeking extreme degrees of isolation and confinement", Japanese
Efkar,"The boredom of the soul. A lovely moment, that you need to be so happy, but instead you feel with a deep sorrow.", Turkish
Klexos,the art of dwelling on the past; coined by John Koenig., English
Didis,"To search and pick up lice from one's own hair, usually when in bed at night", Indonesian
Manna,"A sudden or unexpected help, advantage, or aid to success", English
Yoroshiku onegai shimasu,"Favorably, please.", Japanese
Ludus,playful love between children or casual lovers, Greek
Débrouillardise,Quality of someone who is resourceful and lives with the ability to creatively improvise; someone who can make do and solve problems without much, French
Dygn,Day and night; 24 hours, Swedish
Flâner,"verb. to purposely wander, to decide to explore with no final destination.", French
Kos,"Cosiness, warmth, intimacy; kose as a verb; koselig as an adjective.", Norwegian
Friluftsliv,"“Free air life,” signifying a fundamental understanding of the positive impact of being in nature", Norwegian
Niksen,"Sitting down and do nothing at all, thinking of nothing at all", Dutch
Tîeow (เที่ยว),To wander or roam around in a carefree way., Thai
Werifesteria,To wander longingly through the forest in search of mystery, English
Sielvartas,Literal translation as “soul tumbling” used as grief or resentment, Lithuanian
Hwyl,A passion and fervour for a competitive event like a poetry reading or a rugby match that fills your entire body with a sense of belonging., Welsh
Kinkartvyavimudh,Helplessness due to being duty-bound, Hindi
Fika,Coffee and cake break with friends or colleagues, Swedish
Poka-Yoke,Any mechanism in any process that helps an equipment operator avoid (yokeru) mistakes (poka), Japanese
Harkla,"The little coughing noise one makes, often before giving a speech or dislodging a piece of cinnamon bun from their throat", Swedish
arumpu (அரும்பு),"A bud, but specifically referring to the stage where it is just starting to bud", Tamil
Polytropos (πολύτροπος),"Much turned, much traveled, much wandering; turning many ways (shifty, versatile, wily) (changeful, complicated) [notoriously used in the opening of The Odyssey as an early challenge for translators]", Greek
Paavam,"Someone who is innocent, naive, not well-versed with ways of the world", Malayalam
Baadastoor,"Unaltered, or unchanged, for something that is habitual", Urdu
Erkelmek,Teasing someone with repeating what they say, Nogay
Vozdukh (Воздух),"""Air"" but also ""the stack of spirit"". To breathe in is to ""take the spirit inside"".", Russian
Nehrotit to,"Literal: “Not to make X into a sharp point""; a choice not to stress about something", Czech
Weichei,"Literal: ""soft egg""; someone who is weak or cowardly", German
Utepils,The act of sitting outside on a sunny day enjoying a beer, Norwegian
Hanyauku,To walk on tiptoes across a hot surface, Rukwangali
Tsundoku,Acquiring reading materials but letting them pile up in one's home without reading them, Japanese
Ǩuẓlanyu,To marry a divorced woman, Bashkir
Chamcha,"Literally: spoon, someone who sucks up to someone else or seeks another's approval constantly", Hindi
Wú (無),"Negative, void, nothingness, non-being; can imply 'neither yes nor no'.", Chinese
Scrumping,Stealing fruit (particularly apples) from trees, English
Şırış,Mucus or the sweet sugary residue from fruits or other treats, Nogay
Tampo,Behaviour in which a person withdraws his or her affection or cheerfulness from a person who has hurt his or her feelings; when you're disappointed with someone yet do not express it directly, Tagalog
Gulugulu,The sound of a pitcher filling with water, Tulu
Yuanfen,"A relationship by fate or destiny. This is a complex concept. It draws on principles of predetermination in Chinese culture, which dictate relationships, encounters and affinities, mostly among lovers and friends.", Chinese
Chaval al hazman (חבל אל הזמן),"Literally ""shame on time""; referring to an amazing experience that you don't want to end", Hebrew
Se défouler,Let off steam to release or get rid of excess energy, French
Seigneur-terrasse,"Someone who spends time, but not money, at a café", French
Ciğerparem,Describe love to someone who is in the deepest part of his/her heart; refers to someone that you love as much as your own body., Turkish
कौतुक (Kautuk),"What is required is steady, constructive effort, not lightning speed and empty show", Marathi
Verklempt,Completely overcome with emotion, Yiddish
Koshatnik,A dealer in stolen cats, Russian
Hatsuyume,The first dream one has in the new year; thought to be an omen, Japanese
Shemomedjamo (შემომეჭამა),To keep eating past the point of being full since the food tastes so good., Georgian
Vaitherichal,"The feeling that you get when someone has something that you lack, however you are not jealous, yet instead feel as though they should not possess that because you don't", Tamil
Arbejdsglæde,"Literally ""work happiness""; the feeling of happiness provoked by a satisfying job", Danish
tuḷir (துளிர்),"Technically ""a baby leaf"", but it specifcally means a freshness tenderness, delicateness", Tamil
Lebensmüde,Weary of life, German
Hygge,A quality of cosiness and comfortable conviviality that engenders a feeling of contentment or well-being., Danish
Tima,"Not being ready to spend time or money on a specific thing, despite being able to afford it", Icelandic
Mencomot,"Stealing things of small value, mostly for fun rather than out of necessity.", Indonesian
Talkoot,a collectively pursued/undertaken task; voluntary community work., Finnish
Capricho,Work done with care in a way that surpass quality expectations., Portuguese
Tenyérbemászó,"Literally ""palm crawler""; a face begging to be punched", Hungarian
Ehvenişer,"When choosing between bad things, the lesser of two evils.", Turkish
Tokimeku,"A sudden flutter in your heart, or that feeling of inspiration if you’re anticipating something", Japanese
Sehnsucht,"Thoughts and feelings about all facets of life that are unfinished or imperfect, paired with a yearning for ideal alternative experiences.", German
Ja nee,"Directly ""Yes, No"", but often used when there is nothing else to say, or one is stumped.", Afrikaans
Nintendo,“Leave luck to heaven” or to leave one's fortune in the hands of fate, Japanese
Agnosthesia,"The state of not knowing how you really feel about something, which forces you to sift through clues hidden in your behavior", English
Mudita,The pleasure that comes from delighting in other people's well-being or happiness, Sanskrit
Kilig,It is the sudden feeling of an inexplicable joy one gets when something romantic or idealistic occurs; butterflies., Tagalog
Pragma,"longtime love, such as in long marriages", Greek
Muvaffakiyetsizleştiricileştiriveremeyebileceklerimizdenmişsinizcesine,"The longest word in Turkish, meaning, ‘It's as though you are from those whom we may not be able to easily make into a maker of unsucessful ones.’ ", Turkish
Shibui,Old school cool, Japanese
Gogo,"It can mean desire, want, spirit or soul, but mainly it's a concept that explains the will of the soul.", Basque
Şikemperver,Someone who is very fond of eating and drinking, Turkish
Rocambolesco,"Stunning action that requires extreme audacity; literally means ""there's no need"" as in ""there's no need to thank you""", Italian
Turnbeutelvergesser,"Literally ""sportsbag"", but often used for a pupil that forgets their gym bag.", German
Anecdoche,"A conversation in which everyone is talking, but nobody is listening.", English
Hüzün,"Originally pain and sorrow over a loss, but also can mean melancholy associated with a sense of failure in life and a gloomy feeling that things will likely get worse.", Turkish
Tatemae & Honne,The contrast between a person's feelings and desires (honne) versus the behavior and opinions one displays in public (tatemae), Japanese
Ghalidan,Rolling from side to side as lovers do, Persian
Tizita (ትዝታ),"A bittersweet remembrance and longing for a time, person, thing gone by.", Amharic
Schnapsleiche,"So who passed out drunk (""liquor corpse"")", German
Fuubutsushi,"The things – feelings, scents, images – that evoke memories or anticipation for a particular season.", Japanese
Vorführeffekt,"When you try to give some evidence in public that something works (or doesn't work), but you fail because the opposite happens.", German
Être dépaysé,To be in an environment you're not used to, French
Bào fù xìng āo yè (報復性熬夜),Revenge bedtime procrastination, Chinese
Rückkehrunruhe,The feeling of returning home after an immersive trip only to find it fading rapidly from your awareness., German
Rén (仁),"Humanity, benevolence; the positive feeling enjoyed by a virtuous person through altruistic behaviour.", Chinese
S’encoubler,"To describe a fall, but specifically one where you fell due to being tangled in something", French
Tingo,The act of taking objects one desires from the house of a friend by gradually borrowing all of them, Pascuense
Vagary,"An unpredictable instance, a wandering journey, a whimsical, wild, or unusual idea, desire, or action", English
Skare,A thin layer of ice on top of snow, Swedish
Schilderwald,Jungle of traffic signs; a street so crowded with signs that you become lost, German
Kintsukuroi,To repair with gold. Understanding that a piece is more beautiful for having broken., Japanese
Zuihitsu (随筆),"Literally, “running brush”. A genre of Japanese literature; authors write what’s top of mind and follow their random thoughts. The genre is more personal than performative and gives the reader an intimate look at the inner workings of the writer’s mind. ", Japanese
Moriturism,The sudden reminder that you will one day no longer occupy this earth, English
Onism,"The frustration of being stuck in just one body, that inhabits just one place at a time.", English
Voetstoots,A sale where the thing is sold as is or with all its faults without any guarantees, Afrikaans
Guddle,"To fish using the hands, by searching under stones at a river bank", Scottish
Kalsarikänni,to get drunk (alone) at home in your underwear with no intention of going out, Finnish
답답하다 Dabdabhae,"Literally means stuffy; the feeling of needing to get something off your chest. Or when you want to say something but can't, or an awkward situation where people aren't saying what they mean.", Korean
Ukiyo,"The floating world - living in the moment, detached from the bothers of life", Japanese
Xiao xiao,The whistling and pattering of rain or wind, Chinese
Nadryv (Надрыв),"Literally means ""to tear or break"", but can also mean the inner tension of someone who is about to break", Russian
Aspaldiko!,Expression of surprise after not seeing someone for a long time., Basque
Manja,Childlike behaviour by women designed to elicit sympathy or pampering by men, Malay
Pålägg,Anything that you can put in a sandwich, Swedish
Vergüenza ajena,Shame or embarrassment felt as a result of the actions of others, Spanish
Tachiyomi,To stand in a bookstore and read a book without buying it, Japanese
Nodus tollens,The realization that the plot of your life doesn't make sense to you anymore., English
Nuchshlepper,Someone who follows another person; a hanger-on, Yiddish
Débrouille,"May be synonymous with resourceful, but it is more of a way of living by making do with little and improvising with what you have", French
Shlep,"To bring something from one place to another, but with the implication that its a burden to the carrier. Example: I had to shlep the bag of rocks all the way down the road", Yiddish
Tsuji-giri,To try out a new sword on a passer-by, Japanese
cāral (சாரல்),A gentle secondary drizzle either from a waterfall or rain, Tamil
Amaeru,To seek affection through doing things like clinging or pleading, Japanese
Załatwić,To make something which is very complicated somehow simpler in an entrepreneurial and cheeky way, Polish
Solkatt,The glimmer that reflects the sunshine off a wristwatch, Swedish
Erbsenzähler,"Literally ""a person who literally counts their peas""; someone who is nitpicky and always trying to make things perfect", German
Uffda,"A sympathetic word to be used when someone else is in pain. It combines ‘Ouch for you’ and ‘Oh, I’m sorry you hurt yourself’", Norwegian
Wegbier,A beer you're having on your way somewhere (i.e. a party), German
Mbuki-mvuki,To shake off your clothes to dance more freely, Swahili
Kenshō (見性),Seeing (ken) one’s nature or essence (shō); perceiving one’s Buddha nature; sometimes interpreted as an initial or brief awakening., Japanese
Greng-jai,The feeling of not wanting to impose, Thai
Handschuhschneeballwerfer,A coward willing to criticize and abuse from a safe distance, German
Nja,Combining no (nej) and yes (ja); neither yes or no (or both yes and no); expressing uncertainty., Swedish
İmece,The gathering of many people and doing the work of one person, Turkish
Zhì (智),"Wisdom, perspicacity, knowledge.", Chinese
Cavoli riscaldati,"Literally ""reheated cabbage""; When you attempt to start up a failed relationship or love affair", Italian
Commuovere,"""Heartwarming,” but specifically refers to a story that moved you to tears", Italian
Angushti za'id,Someone with six fingers, Persian
Abbiocco,The feeling of falling asleep after lunch or dinner, Italian
Volya (Воля),"""Freedom"" and ""will"", but also vast natural landscape", Russian
A'ama,"Someone who speaks rapidly, hiding their meaning from one person while communicating it to another", Hawaiian
Firgun (פירגון),Ungrudging and overt (expressed) pride and happiness at other's successes., Hebrew
Madrugada,The time of day occurring between past midnight and early morning, Spanish
Metanoia,"The journey of changing ones mind, heart, self, or way of life", English
Irusu,Pretending to be out when someone knocks at your door, Japanese
Han,"Sorrow, regret, grief, resentment, ""a dull ache of the soul"", yet passive and not revenge seeking; waiting for the injustice to be righted", Korean
Zechpreller,Someone who leaves without paying the bill., German
Spleen,Melancholy without apparent cause, French
Krawattenmuffel,Someone who'd rather not wear a tie, German
Nutro (Нутро),Something that governs your inner being; your core, Russian
Fucha,To use company time and resources for one's own purposes, Portuguese
Halyava (Халява),Getting something without working for it, Russian
Seny,"Common sense, is a form of ancestral Catalan wisdom or sensibleness. It involves well-pondered perception of situations, level-headedness, awareness, integrity, and right action", Catalan
Jumpa,To jump from one floating piece of ice to another, Swedish
Ilunga,"The capacity to forgive once, tolerate a second time, but never a third time. Conveys the progression toward intolerance.", Tshiluba
Avos',"Doing something without planning, without putting in much effort, yet counting on success", Russian
Fernweh,To have a yearning to see distant places, German
Qiang jingtou,The fight by a cameraman to get a better vantage point, Chinese
Kertek,The sound of dry leaves or twigs being trodden underfoot, Malay
Umarell,"A term referring specifically to men of retirement age who spend their time watching construction sites, especially roadworks – stereotypically with hands clasped behind their back and offering unwanted advice", Italian
Weltschmerz,"Feeling hopeless about the state our world is currently in (""world pain"")", German
Dørstokkmila,"The longest mile between your cozy couch in your fireplace-candlelight-cabin-hygge and the door threshold. It would be ""door-threshold-mile"", loosely translated", Norwegian
Tüddelig,"Sweet, elderly, and senile", German
poshlost (пошлость),"Used to describe situations where things are being sold under the premise ""that the greatest joy can be bought""", Russian
Jijivisha,"The strong, eternal desire to live and to continue living", Hindi
Yugen,"A profound, mysterious sense of the beauty of the universe…and the sad beauty of human suffering.", Japanese
Pulsa,To walk laboriously in snow., Swedish
On (恩),"A feeling of moral indebtedness, relating to a favour or blessing given by others.", Japanese
Dreikäsehoch,A small child who is as tall as three wheels of cheese stacked upon one another, German
Linslus,"Someone who always wants to have their face in a photo. Literal translation: ""lens louse""", Swedish
Rehepaplus,"A kind of entrepreneurialism that mustn't always have the moral high ground. Clever, sometimes at the expense of others and their stupidity. The word can be used as both a positive (quick thinker) as a negative (scammer).", Estonian
Gemütlichkeit,"An atmosphere of belonging, relaxation, chilled music, great food and drink", German
Tízórai,"A meal between breakfast and lunch, literally ""at ten o'clock""", Hungarian
Erinmek,Not doing something you have to do just because you don’t want to; being a prick, Nogay
Umay,Gettiing tired of a certain food, Tagalog
Ennui,A feeling of being bored and mentally tired caused by having nothing interesting or exciting to do, English
Dor ,The heartbreak and sense of longing you feel because you’re separated from your love, Romanian
Dhurna,Extorting payment from someone by sitting at their front door and staying there until you get paid, Hindi
Pomicione,A man who seizes any chance of being in close contact with a woman, Italian
Zugzwang,To be forced to make a move even though it will likely to be at your disadvantage, German
Półtora,Specific word for one and a half of something, Polish
Qualunquismo,Political apathy; people who really don’t care very much about politics and related issues in society, Italian
Mana,"The prestige, power, dominance of something or someone", Māori
Sóphrosuné (σωφροσύνη),"excellence of character and soundness of mind; leads to other beneficial qualities, such as moderation and self-control.", Greek
Bohereen,"A tight, single lane country lane", Irish
Prozvonit,"To call a mobile phone and let it ring once so that the other person will call back, saving the first caller money.", Czech
Arigata-meiwaku,"When someone does something for you that you didn’t want them to do, and having to express gratitude for the act", Japanese
Hissikablelvuku,To sense something before it actually happens, Turkish
Bwisit,Something/someone ruined your day or mood, Tagalog
Pisan Zapra,The time needed to eat a banana, Malay
Acedia,"Lack of concern over your spiritual life or ""mental sloth""", Greek
Noroke,To brag about or sing the praises of the person you love, Japanese
Ohrwurm,"A melody or song that gets stuck in your head (""ear worm"")", German
Pekopeko,Bowing one's head repeatedly in a grovelling manner, Japanese
Kusukusu,The suppressed giggling and tittering of a group of women, Japanese
Fuchsteufelswütend,Literal: 'Fox devil angry'; steaming with rage, German
Ta'arof (تعارف),The complicated set of niceties and social rules to be observed as a form of good manners and proper etiquette, Persian
