artist,track_name,valence,llm_mood
Arctic Monkeys,Piledriver Waltz,0.474,0.35
Arctic Monkeys,This House is a Circus,0.658,0.35
Arctic Monkeys,Why'd You Only Call Me When You're High?,0.8,0.15
Arctic Monkeys,Batphone,0.674,0.3
Arctic Monkeys,Hello You,0.653,0.65
Arctic Monkeys,Brianstorm - Live,0.244,0.35
Ben Howard,Interim of Sense,0.589,0.4
Ben Howard,Evergreen,0.183,0.7
Ben Howard,Black Flies,0.0995,0.25
Ben Howard,The Defeat,0.118,0.2
Ben Howard,Quiet Me Down,0.156,0.35
Ben Howard,Little Plant,0.323,0.55
Florence + The Machine,Third Eye - Demo / Bonus Track,0.373,0.4
Florence + The Machine,Postcards From Italy - Demo,0.0911,0.7
Florence + The Machine,Swimming - Live From Hammersmith Apollo / 2010,0.293,0.7
Florence + The Machine,Breaking Down,0.605,0.25
Florence + The Machine,Hardest Of Hearts - BBC Proms at the Royal Albert Hall,0.43,0.35
Florence + The Machine,Only If For A Night,0.362,0.4
Foals,Miami,0.741,0.7
Foals,Prelude,0.0908,0.5
Foals,Heavy Water,0.645,0.25
Foals,Inhaler,0.438,0.35
Foals,"10,000 Feet",0.233,0.65
Foals,Lonely Hunter - CCTV Sessions,0.266,0.3
Imagine Dragons,I Bet My Life,0.599,0.65
Imagine Dragons,Radioactive - Live,0.0986,0.7
Imagine Dragons,Follow You,0.45,0.75
Imagine Dragons,It's Time,0.858,0.7
Imagine Dragons,Thief,0.129,0.3
Imagine Dragons,Battle Cry,0.0391,0.65
Michael Kiwanuka,They Say I'm Doing Just Fine,0.661,0.65
Michael Kiwanuka,Rebel Soul,0.58,0.65
Michael Kiwanuka,The Rest Of Me,0.385,0.45
Michael Kiwanuka,You Ain't The Problem,0.655,0.55
Michael Kiwanuka,Piano Joint (This Kind Of Love) - Intro,0.0796,0.65
Michael Kiwanuka,Always Waiting,0.225,0.35
Milky Chance,Rush,0.823,0.6
Milky Chance,Losing You,0.631,0.2
Milky Chance,Running,0.201,0.6
Milky Chance,Stolen Dance,0.728,0.65
Milky Chance,Bad Things,0.534,0.25
Milky Chance,Fairytale - Acoustic Version,0.305,0.75
Oasis,Gas Panic!,0.287,0.3
Oasis,Digsy's Dinner - Monnow Valley Version,0.732,0.6
Oasis,Whatever - Strings,0.713,0.4
Oasis,Who Feels Love?,0.312,0.75
Oasis,"Stand By Me - Live at Wembley Stadium, July 2000",0.265,0.75
Oasis,"Supersonic - Live at Wembley Stadium, July 2000",0.192,0.85
